[
   
    {"id":2 ,"img":"/assets/Images/shop-golden-sunset.jpg","colour":"Golden Sunset","price":24 ,"quantity":1,"type":"BODY"},
    {"id":3 ,"img":"/assets/Images/shop-mint-green.jpg","colour":" Mint Green","price":22 ,"quantity":1,"type":"STRAP"},
    {"id":4 ,"img":"/assets/Images/shop-pink-modern.jpg","colour":"pink Modern","price":28 ,"quantity":1,"type":"STRAP"},
    {"id":1 ,"img":"/assets/Images/shop-charcole-black.jpg","colour":"CharcoleBlack","price":24,"quantity":1,"type":"STRAP"}, 
    {"id":5 ,"img":"/assets/Images/shop-pink.jpg","colour":"Pink","price":26 ,"quantity":1,"type":"STRAP"},
    {"id":6 ,"img":"/assets/Images/shop-purple-berry.jpg","colour":"Purpel Berry","price":24 ,"quantity":1,"type":"STRAP"},
    {"id":7 ,"img":"/assets/Images/shop-sky-blue.jpg","colour":" SkyBlue","price":24,"quantity":1,"type":"STRAP"},
    {"id":8 ,"img":"/assets/Images/shop-snow white.jpg","colour":" Snow-White","price":24,"quantity":1,"type":"STRAP"}
]